{"web":{"client_id":"225006579985-h7k8khhmb1dj28ural5eo1of9jn6ojb1.apps.googleusercontent.com","project_id":"dliproject-206409","auth_uri":"https://accounts.google.com/o/oauth2/auth","token_uri":"https://accounts.google.com/o/oauth2/token","auth_provider_x509_cert_url":"https://www.googleapis.com/oauth2/v1/certs","client_secret":"ITREmBqdHPrB7He6LmvMYTLw","redirect_uris":["http://localhost/GoogleDrive/oauth2callback.php","http://dli2.sanskritdictionary.com/oauth2callback.php","http://kts.kaivalyatech.com/arindra-test/google-api-php-client-2.2.1/oauth2callback.php"]}}